"rules","support","confidence","coverage","lift","count"
"60","{clumpThickness=Normal,marginalAdhesion=Normal,singleEpithCellSize=Normal} => {class=Benigno}",0.398340248962656,1,0.398340248962656,2,192
"128","{uniformityCellShape=Normal,marginalAdhesion=Normal,singleEpithCellSize=Normal,bareNuclei=Normal} => {class=Benigno}",0.379668049792531,1,0.379668049792531,2,183
"130","{uniformityCellShape=Normal,singleEpithCellSize=Normal,bareNuclei=Normal,blandChromatin=Normal} => {class=Benigno}",0.402489626556017,1,0.402489626556017,2,194
"131","{uniformityCellShape=Normal,singleEpithCellSize=Normal,bareNuclei=Normal,normalNucleoli=Normal} => {class=Benigno}",0.402489626556017,1,0.402489626556017,2,194
"137","{clumpThickness=Normal,uniformityCellShape=Normal,marginalAdhesion=Normal,singleEpithCellSize=Normal} => {class=Benigno}",0.387966804979253,1,0.387966804979253,2,187
"149","{uniformityCellSize=Normal,marginalAdhesion=Normal,singleEpithCellSize=Normal,bareNuclei=Normal} => {class=Benigno}",0.387966804979253,1,0.387966804979253,2,187
"152","{clumpThickness=Normal,marginalAdhesion=Normal,singleEpithCellSize=Normal,bareNuclei=Normal} => {class=Benigno}",0.381742738589212,1,0.381742738589212,2,184
"154","{uniformityCellSize=Normal,singleEpithCellSize=Normal,bareNuclei=Normal,blandChromatin=Normal} => {class=Benigno}",0.412863070539419,1,0.412863070539419,2,199
"155","{uniformityCellSize=Normal,singleEpithCellSize=Normal,bareNuclei=Normal,normalNucleoli=Normal} => {class=Benigno}",0.412863070539419,1,0.412863070539419,2,199
"159","{clumpThickness=Normal,singleEpithCellSize=Normal,bareNuclei=Normal,blandChromatin=Normal} => {class=Benigno}",0.404564315352697,1,0.404564315352697,2,195
"160","{singleEpithCellSize=Normal,bareNuclei=Normal,blandChromatin=Normal,mitoses=Normal} => {class=Benigno}",0.404564315352697,1,0.404564315352697,2,195
"161","{clumpThickness=Normal,singleEpithCellSize=Normal,bareNuclei=Normal,normalNucleoli=Normal} => {class=Benigno}",0.402489626556017,1,0.402489626556017,2,194
"166","{clumpThickness=Normal,uniformityCellSize=Normal,marginalAdhesion=Normal,singleEpithCellSize=Normal} => {class=Benigno}",0.394190871369295,1,0.394190871369295,2,190
"169","{clumpThickness=Normal,marginalAdhesion=Normal,singleEpithCellSize=Normal,blandChromatin=Normal} => {class=Benigno}",0.390041493775934,1,0.390041493775934,2,188
"171","{clumpThickness=Normal,marginalAdhesion=Normal,singleEpithCellSize=Normal,normalNucleoli=Normal} => {class=Benigno}",0.394190871369295,1,0.394190871369295,2,190
"173","{clumpThickness=Normal,marginalAdhesion=Normal,singleEpithCellSize=Normal,mitoses=Normal} => {class=Benigno}",0.385892116182573,1,0.385892116182573,2,186
"193","{uniformityCellShape=Normal,bareNuclei=Normal,blandChromatin=Normal,normalNucleoli=Normal} => {class=Benigno}",0.437759336099585,1,0.437759336099585,2,211
"195","{uniformityCellShape=Normal,bareNuclei=Normal,blandChromatin=Normal,mitoses=Normal} => {class=Benigno}",0.433609958506224,1,0.433609958506224,2,209
"196","{clumpThickness=Normal,uniformityCellShape=Normal,bareNuclei=Normal,normalNucleoli=Normal} => {class=Benigno}",0.429460580912863,1,0.429460580912863,2,207
"226","{clumpThickness=Normal,marginalAdhesion=Normal,bareNuclei=Normal,normalNucleoli=Normal} => {class=Benigno}",0.412863070539419,1,0.412863070539419,2,199
"228","{clumpThickness=Normal,marginalAdhesion=Normal,bareNuclei=Normal,mitoses=Normal} => {class=Benigno}",0.404564315352697,1,0.404564315352697,2,195
"232","{clumpThickness=Normal,uniformityCellSize=Normal,bareNuclei=Normal,normalNucleoli=Normal} => {class=Benigno}",0.441908713692946,1,0.441908713692946,2,213
"245","{clumpThickness=Normal,marginalAdhesion=Normal,blandChromatin=Normal,normalNucleoli=Normal} => {class=Benigno}",0.423236514522822,1,0.423236514522822,2,204
"246","{marginalAdhesion=Normal,blandChromatin=Normal,normalNucleoli=Normal,mitoses=Normal} => {class=Benigno}",0.41701244813278,1,0.41701244813278,2,201
"254","{uniformityCellSize=Normal,uniformityCellShape=Normal,marginalAdhesion=Normal,singleEpithCellSize=Normal,bareNuclei=Normal} => {class=Benigno}",0.379668049792531,1,0.379668049792531,2,183
"255","{uniformityCellShape=Normal,marginalAdhesion=Normal,singleEpithCellSize=Normal,bareNuclei=Normal,blandChromatin=Normal} => {class=Benigno}",0.37344398340249,1,0.37344398340249,2,180
"256","{uniformityCellShape=Normal,marginalAdhesion=Normal,singleEpithCellSize=Normal,bareNuclei=Normal,normalNucleoli=Normal} => {class=Benigno}",0.37551867219917,1,0.37551867219917,2,181
"257","{clumpThickness=Normal,uniformityCellShape=Normal,marginalAdhesion=Normal,singleEpithCellSize=Normal,bareNuclei=Normal} => {class=Benigno}",0.371369294605809,1,0.371369294605809,2,179
"258","{uniformityCellShape=Normal,marginalAdhesion=Normal,singleEpithCellSize=Normal,bareNuclei=Normal,mitoses=Normal} => {class=Benigno}",0.369294605809129,1,0.369294605809129,2,178
"259","{uniformityCellSize=Normal,uniformityCellShape=Normal,singleEpithCellSize=Normal,bareNuclei=Normal,blandChromatin=Normal} => {class=Benigno}",0.402489626556017,1,0.402489626556017,2,194
"260","{uniformityCellSize=Normal,uniformityCellShape=Normal,singleEpithCellSize=Normal,bareNuclei=Normal,normalNucleoli=Normal} => {class=Benigno}",0.402489626556017,1,0.402489626556017,2,194
"263","{uniformityCellShape=Normal,singleEpithCellSize=Normal,bareNuclei=Normal,blandChromatin=Normal,normalNucleoli=Normal} => {class=Benigno}",0.396265560165975,1,0.396265560165975,2,191
"264","{clumpThickness=Normal,uniformityCellShape=Normal,singleEpithCellSize=Normal,bareNuclei=Normal,blandChromatin=Normal} => {class=Benigno}",0.392116182572614,1,0.392116182572614,2,189
"265","{uniformityCellShape=Normal,singleEpithCellSize=Normal,bareNuclei=Normal,blandChromatin=Normal,mitoses=Normal} => {class=Benigno}",0.392116182572614,1,0.392116182572614,2,189
"266","{clumpThickness=Normal,uniformityCellShape=Normal,singleEpithCellSize=Normal,bareNuclei=Normal,normalNucleoli=Normal} => {class=Benigno}",0.390041493775934,1,0.390041493775934,2,188
"267","{uniformityCellShape=Normal,singleEpithCellSize=Normal,bareNuclei=Normal,normalNucleoli=Normal,mitoses=Normal} => {class=Benigno}",0.392116182572614,1,0.392116182572614,2,189
"271","{clumpThickness=Normal,uniformityCellSize=Normal,uniformityCellShape=Normal,marginalAdhesion=Normal,singleEpithCellSize=Normal} => {class=Benigno}",0.385892116182573,1,0.385892116182573,2,186
"274","{clumpThickness=Normal,uniformityCellShape=Normal,marginalAdhesion=Normal,singleEpithCellSize=Normal,blandChromatin=Normal} => {class=Benigno}",0.379668049792531,1,0.379668049792531,2,183
"275","{uniformityCellShape=Normal,marginalAdhesion=Normal,singleEpithCellSize=Normal,blandChromatin=Normal,mitoses=Normal} => {class=Benigno}",0.37344398340249,1,0.37344398340249,2,180
"276","{clumpThickness=Normal,uniformityCellShape=Normal,marginalAdhesion=Normal,singleEpithCellSize=Normal,normalNucleoli=Normal} => {class=Benigno}",0.383817427385892,1,0.383817427385892,2,185
"277","{uniformityCellShape=Normal,marginalAdhesion=Normal,singleEpithCellSize=Normal,normalNucleoli=Normal,mitoses=Normal} => {class=Benigno}",0.379668049792531,1,0.379668049792531,2,183
"278","{clumpThickness=Normal,uniformityCellShape=Normal,marginalAdhesion=Normal,singleEpithCellSize=Normal,mitoses=Normal} => {class=Benigno}",0.37551867219917,1,0.37551867219917,2,181
"289","{uniformityCellSize=Normal,marginalAdhesion=Normal,singleEpithCellSize=Normal,bareNuclei=Normal,blandChromatin=Normal} => {class=Benigno}",0.381742738589212,1,0.381742738589212,2,184
"290","{uniformityCellSize=Normal,marginalAdhesion=Normal,singleEpithCellSize=Normal,bareNuclei=Normal,normalNucleoli=Normal} => {class=Benigno}",0.383817427385892,1,0.383817427385892,2,185
"291","{clumpThickness=Normal,uniformityCellSize=Normal,marginalAdhesion=Normal,singleEpithCellSize=Normal,bareNuclei=Normal} => {class=Benigno}",0.379668049792531,1,0.379668049792531,2,183
"292","{uniformityCellSize=Normal,marginalAdhesion=Normal,singleEpithCellSize=Normal,bareNuclei=Normal,mitoses=Normal} => {class=Benigno}",0.377593360995851,1,0.377593360995851,2,182
"294","{clumpThickness=Normal,marginalAdhesion=Normal,singleEpithCellSize=Normal,bareNuclei=Normal,blandChromatin=Normal} => {class=Benigno}",0.377593360995851,1,0.377593360995851,2,182
"295","{marginalAdhesion=Normal,singleEpithCellSize=Normal,bareNuclei=Normal,blandChromatin=Normal,mitoses=Normal} => {class=Benigno}",0.37344398340249,1,0.37344398340249,2,180
"296","{clumpThickness=Normal,marginalAdhesion=Normal,singleEpithCellSize=Normal,bareNuclei=Normal,normalNucleoli=Normal} => {class=Benigno}",0.377593360995851,1,0.377593360995851,2,182
"298","{clumpThickness=Normal,marginalAdhesion=Normal,singleEpithCellSize=Normal,bareNuclei=Normal,mitoses=Normal} => {class=Benigno}",0.371369294605809,1,0.371369294605809,2,179
"299","{uniformityCellSize=Normal,singleEpithCellSize=Normal,bareNuclei=Normal,blandChromatin=Normal,normalNucleoli=Normal} => {class=Benigno}",0.406639004149378,1,0.406639004149378,2,196
"300","{clumpThickness=Normal,uniformityCellSize=Normal,singleEpithCellSize=Normal,bareNuclei=Normal,blandChromatin=Normal} => {class=Benigno}",0.402489626556017,1,0.402489626556017,2,194
"301","{uniformityCellSize=Normal,singleEpithCellSize=Normal,bareNuclei=Normal,blandChromatin=Normal,mitoses=Normal} => {class=Benigno}",0.402489626556017,1,0.402489626556017,2,194
"302","{clumpThickness=Normal,uniformityCellSize=Normal,singleEpithCellSize=Normal,bareNuclei=Normal,normalNucleoli=Normal} => {class=Benigno}",0.400414937759336,1,0.400414937759336,2,193
"303","{uniformityCellSize=Normal,singleEpithCellSize=Normal,bareNuclei=Normal,normalNucleoli=Normal,mitoses=Normal} => {class=Benigno}",0.402489626556017,1,0.402489626556017,2,194
"305","{clumpThickness=Normal,singleEpithCellSize=Normal,bareNuclei=Normal,blandChromatin=Normal,normalNucleoli=Normal} => {class=Benigno}",0.398340248962656,1,0.398340248962656,2,192
"306","{singleEpithCellSize=Normal,bareNuclei=Normal,blandChromatin=Normal,normalNucleoli=Normal,mitoses=Normal} => {class=Benigno}",0.398340248962656,1,0.398340248962656,2,192
"307","{clumpThickness=Normal,singleEpithCellSize=Normal,bareNuclei=Normal,blandChromatin=Normal,mitoses=Normal} => {class=Benigno}",0.394190871369295,1,0.394190871369295,2,190
"308","{clumpThickness=Normal,singleEpithCellSize=Normal,bareNuclei=Normal,normalNucleoli=Normal,mitoses=Normal} => {class=Benigno}",0.392116182572614,1,0.392116182572614,2,189
"310","{clumpThickness=Normal,uniformityCellSize=Normal,marginalAdhesion=Normal,singleEpithCellSize=Normal,blandChromatin=Normal} => {class=Benigno}",0.385892116182573,1,0.385892116182573,2,186
"311","{uniformityCellSize=Normal,marginalAdhesion=Normal,singleEpithCellSize=Normal,blandChromatin=Normal,mitoses=Normal} => {class=Benigno}",0.381742738589212,1,0.381742738589212,2,184
"312","{clumpThickness=Normal,uniformityCellSize=Normal,marginalAdhesion=Normal,singleEpithCellSize=Normal,normalNucleoli=Normal} => {class=Benigno}",0.390041493775934,1,0.390041493775934,2,188
"313","{uniformityCellSize=Normal,marginalAdhesion=Normal,singleEpithCellSize=Normal,normalNucleoli=Normal,mitoses=Normal} => {class=Benigno}",0.387966804979253,1,0.387966804979253,2,187
"314","{clumpThickness=Normal,uniformityCellSize=Normal,marginalAdhesion=Normal,singleEpithCellSize=Normal,mitoses=Normal} => {class=Benigno}",0.383817427385892,1,0.383817427385892,2,185
"315","{clumpThickness=Normal,marginalAdhesion=Normal,singleEpithCellSize=Normal,blandChromatin=Normal,normalNucleoli=Normal} => {class=Benigno}",0.385892116182573,1,0.385892116182573,2,186
"316","{marginalAdhesion=Normal,singleEpithCellSize=Normal,blandChromatin=Normal,normalNucleoli=Normal,mitoses=Normal} => {class=Benigno}",0.379668049792531,1,0.379668049792531,2,183
"317","{clumpThickness=Normal,marginalAdhesion=Normal,singleEpithCellSize=Normal,blandChromatin=Normal,mitoses=Normal} => {class=Benigno}",0.377593360995851,1,0.377593360995851,2,182
"318","{clumpThickness=Normal,marginalAdhesion=Normal,singleEpithCellSize=Normal,normalNucleoli=Normal,mitoses=Normal} => {class=Benigno}",0.381742738589212,1,0.381742738589212,2,184
"328","{uniformityCellShape=Normal,marginalAdhesion=Normal,bareNuclei=Normal,blandChromatin=Normal,normalNucleoli=Normal} => {class=Benigno}",0.404564315352697,1,0.404564315352697,2,195
"330","{uniformityCellShape=Normal,marginalAdhesion=Normal,bareNuclei=Normal,blandChromatin=Normal,mitoses=Normal} => {class=Benigno}",0.396265560165975,1,0.396265560165975,2,191
"331","{clumpThickness=Normal,uniformityCellShape=Normal,marginalAdhesion=Normal,bareNuclei=Normal,normalNucleoli=Normal} => {class=Benigno}",0.400414937759336,1,0.400414937759336,2,193
"333","{clumpThickness=Normal,uniformityCellShape=Normal,marginalAdhesion=Normal,bareNuclei=Normal,mitoses=Normal} => {class=Benigno}",0.392116182572614,1,0.392116182572614,2,189
"334","{uniformityCellSize=Normal,uniformityCellShape=Normal,bareNuclei=Normal,blandChromatin=Normal,normalNucleoli=Normal} => {class=Benigno}",0.437759336099585,1,0.437759336099585,2,211
"336","{uniformityCellSize=Normal,uniformityCellShape=Normal,bareNuclei=Normal,blandChromatin=Normal,mitoses=Normal} => {class=Benigno}",0.433609958506224,1,0.433609958506224,2,209
"337","{clumpThickness=Normal,uniformityCellSize=Normal,uniformityCellShape=Normal,bareNuclei=Normal,normalNucleoli=Normal} => {class=Benigno}",0.429460580912863,1,0.429460580912863,2,207
"340","{clumpThickness=Normal,uniformityCellShape=Normal,bareNuclei=Normal,blandChromatin=Normal,normalNucleoli=Normal} => {class=Benigno}",0.425311203319502,1,0.425311203319502,2,205
"341","{uniformityCellShape=Normal,bareNuclei=Normal,blandChromatin=Normal,normalNucleoli=Normal,mitoses=Normal} => {class=Benigno}",0.425311203319502,1,0.425311203319502,2,205
"342","{clumpThickness=Normal,uniformityCellShape=Normal,bareNuclei=Normal,blandChromatin=Normal,mitoses=Normal} => {class=Benigno}",0.421161825726141,1,0.421161825726141,2,203
"343","{clumpThickness=Normal,uniformityCellShape=Normal,bareNuclei=Normal,normalNucleoli=Normal,mitoses=Normal} => {class=Benigno}",0.41701244813278,1,0.41701244813278,2,201
"346","{uniformityCellSize=Normal,uniformityCellShape=Normal,marginalAdhesion=Normal,blandChromatin=Normal,mitoses=Normal} => {class=Benigno}",0.408713692946058,1,0.408713692946058,2,197
"350","{clumpThickness=Normal,uniformityCellShape=Normal,marginalAdhesion=Normal,blandChromatin=Normal,normalNucleoli=Normal} => {class=Benigno}",0.410788381742739,1,0.410788381742739,2,198
"351","{uniformityCellShape=Normal,marginalAdhesion=Normal,blandChromatin=Normal,normalNucleoli=Normal,mitoses=Normal} => {class=Benigno}",0.404564315352697,1,0.404564315352697,2,195
"352","{clumpThickness=Normal,uniformityCellShape=Normal,marginalAdhesion=Normal,blandChromatin=Normal,mitoses=Normal} => {class=Benigno}",0.400414937759336,1,0.400414937759336,2,193
"359","{uniformityCellSize=Normal,marginalAdhesion=Normal,bareNuclei=Normal,blandChromatin=Normal,normalNucleoli=Normal} => {class=Benigno}",0.4149377593361,1,0.4149377593361,2,200
"362","{clumpThickness=Normal,uniformityCellSize=Normal,marginalAdhesion=Normal,bareNuclei=Normal,normalNucleoli=Normal} => {class=Benigno}",0.410788381742739,1,0.410788381742739,2,198
"364","{clumpThickness=Normal,uniformityCellSize=Normal,marginalAdhesion=Normal,bareNuclei=Normal,mitoses=Normal} => {class=Benigno}",0.402489626556017,1,0.402489626556017,2,194
"365","{clumpThickness=Normal,marginalAdhesion=Normal,bareNuclei=Normal,blandChromatin=Normal,normalNucleoli=Normal} => {class=Benigno}",0.408713692946058,1,0.408713692946058,2,197
"366","{marginalAdhesion=Normal,bareNuclei=Normal,blandChromatin=Normal,normalNucleoli=Normal,mitoses=Normal} => {class=Benigno}",0.404564315352697,1,0.404564315352697,2,195
"367","{clumpThickness=Normal,marginalAdhesion=Normal,bareNuclei=Normal,blandChromatin=Normal,mitoses=Normal} => {class=Benigno}",0.400414937759336,1,0.400414937759336,2,193
"368","{clumpThickness=Normal,marginalAdhesion=Normal,bareNuclei=Normal,normalNucleoli=Normal,mitoses=Normal} => {class=Benigno}",0.400414937759336,1,0.400414937759336,2,193
"369","{clumpThickness=Normal,uniformityCellSize=Normal,bareNuclei=Normal,blandChromatin=Normal,normalNucleoli=Normal} => {class=Benigno}",0.437759336099585,1,0.437759336099585,2,211
"370","{uniformityCellSize=Normal,bareNuclei=Normal,blandChromatin=Normal,normalNucleoli=Normal,mitoses=Normal} => {class=Benigno}",0.437759336099585,1,0.437759336099585,2,211
"371","{clumpThickness=Normal,uniformityCellSize=Normal,bareNuclei=Normal,blandChromatin=Normal,mitoses=Normal} => {class=Benigno}",0.433609958506224,1,0.433609958506224,2,209
"372","{clumpThickness=Normal,uniformityCellSize=Normal,bareNuclei=Normal,normalNucleoli=Normal,mitoses=Normal} => {class=Benigno}",0.429460580912863,1,0.429460580912863,2,207
"374","{clumpThickness=Normal,uniformityCellSize=Normal,marginalAdhesion=Normal,blandChromatin=Normal,normalNucleoli=Normal} => {class=Benigno}",0.419087136929461,1,0.419087136929461,2,202
"375","{uniformityCellSize=Normal,marginalAdhesion=Normal,blandChromatin=Normal,normalNucleoli=Normal,mitoses=Normal} => {class=Benigno}",0.4149377593361,1,0.4149377593361,2,200
"376","{clumpThickness=Normal,uniformityCellSize=Normal,marginalAdhesion=Normal,blandChromatin=Normal,mitoses=Normal} => {class=Benigno}",0.410788381742739,1,0.410788381742739,2,198
"378","{clumpThickness=Normal,marginalAdhesion=Normal,blandChromatin=Normal,normalNucleoli=Normal,mitoses=Normal} => {class=Benigno}",0.408713692946058,1,0.408713692946058,2,197
"229","{uniformityCellSize=Normal,bareNuclei=Normal,blandChromatin=Normal,normalNucleoli=Normal} => {class=Benigno}",0.450207468879668,0.995412844036697,0.452282157676349,1.99082568807339,217
"74","{uniformityCellShape=Normal,bareNuclei=Normal,blandChromatin=Normal} => {class=Benigno}",0.446058091286307,0.99537037037037,0.448132780082988,1.99074074074074,215
"189","{uniformityCellSize=Normal,uniformityCellShape=Normal,bareNuclei=Normal,blandChromatin=Normal} => {class=Benigno}",0.446058091286307,0.99537037037037,0.448132780082988,1.99074074074074,215
"230","{clumpThickness=Normal,uniformityCellSize=Normal,bareNuclei=Normal,blandChromatin=Normal} => {class=Benigno}",0.446058091286307,0.99537037037037,0.448132780082988,1.99074074074074,215
"231","{uniformityCellSize=Normal,bareNuclei=Normal,blandChromatin=Normal,mitoses=Normal} => {class=Benigno}",0.446058091286307,0.99537037037037,0.448132780082988,1.99074074074074,215
"75","{uniformityCellShape=Normal,bareNuclei=Normal,normalNucleoli=Normal} => {class=Benigno}",0.443983402489627,0.995348837209302,0.446058091286307,1.9906976744186,214
"190","{uniformityCellSize=Normal,uniformityCellShape=Normal,bareNuclei=Normal,normalNucleoli=Normal} => {class=Benigno}",0.443983402489627,0.995348837209302,0.446058091286307,1.9906976744186,214
"233","{uniformityCellSize=Normal,bareNuclei=Normal,normalNucleoli=Normal,mitoses=Normal} => {class=Benigno}",0.443983402489627,0.995348837209302,0.446058091286307,1.9906976744186,214
"235","{clumpThickness=Normal,bareNuclei=Normal,blandChromatin=Normal,normalNucleoli=Normal} => {class=Benigno}",0.439834024896266,0.995305164319249,0.441908713692946,1.9906103286385,212
"236","{bareNuclei=Normal,blandChromatin=Normal,normalNucleoli=Normal,mitoses=Normal} => {class=Benigno}",0.439834024896266,0.995305164319249,0.441908713692946,1.9906103286385,212
"194","{clumpThickness=Normal,uniformityCellShape=Normal,bareNuclei=Normal,blandChromatin=Normal} => {class=Benigno}",0.433609958506224,0.995238095238095,0.435684647302905,1.99047619047619,209
"335","{clumpThickness=Normal,uniformityCellSize=Normal,uniformityCellShape=Normal,bareNuclei=Normal,blandChromatin=Normal} => {class=Benigno}",0.433609958506224,0.995238095238095,0.435684647302905,1.99047619047619,209
"197","{uniformityCellShape=Normal,bareNuclei=Normal,normalNucleoli=Normal,mitoses=Normal} => {class=Benigno}",0.431535269709544,0.995215311004785,0.433609958506224,1.99043062200957,208
"338","{uniformityCellSize=Normal,uniformityCellShape=Normal,bareNuclei=Normal,normalNucleoli=Normal,mitoses=Normal} => {class=Benigno}",0.431535269709544,0.995215311004785,0.433609958506224,1.99043062200957,208
"198","{clumpThickness=Normal,uniformityCellShape=Normal,bareNuclei=Normal,mitoses=Normal} => {class=Benigno}",0.427385892116183,0.995169082125604,0.429460580912863,1.99033816425121,206
"239","{uniformityCellSize=Normal,marginalAdhesion=Normal,blandChromatin=Normal,normalNucleoli=Normal} => {class=Benigno}",0.427385892116183,0.995169082125604,0.429460580912863,1.99033816425121,206
"339","{clumpThickness=Normal,uniformityCellSize=Normal,uniformityCellShape=Normal,bareNuclei=Normal,mitoses=Normal} => {class=Benigno}",0.427385892116183,0.995169082125604,0.429460580912863,1.99033816425121,206
"373","{clumpThickness=Normal,bareNuclei=Normal,blandChromatin=Normal,normalNucleoli=Normal,mitoses=Normal} => {class=Benigno}",0.427385892116183,0.995169082125604,0.429460580912863,1.99033816425121,206
"240","{clumpThickness=Normal,uniformityCellSize=Normal,marginalAdhesion=Normal,blandChromatin=Normal} => {class=Benigno}",0.423236514522822,0.995121951219512,0.425311203319502,1.99024390243902,204
"220","{uniformityCellSize=Normal,marginalAdhesion=Normal,bareNuclei=Normal,normalNucleoli=Normal} => {class=Benigno}",0.421161825726141,0.995098039215686,0.423236514522822,1.99019607843137,203
"52","{uniformityCellSize=Normal,singleEpithCellSize=Normal,bareNuclei=Normal} => {class=Benigno}",0.419087136929461,0.995073891625616,0.421161825726141,1.99014778325123,202
"203","{uniformityCellShape=Normal,marginalAdhesion=Normal,blandChromatin=Normal,normalNucleoli=Normal} => {class=Benigno}",0.419087136929461,0.995073891625616,0.421161825726141,1.99014778325123,202
"206","{clumpThickness=Normal,uniformityCellShape=Normal,marginalAdhesion=Normal,normalNucleoli=Normal} => {class=Benigno}",0.419087136929461,0.995073891625616,0.421161825726141,1.99014778325123,202
"178","{uniformityCellSize=Normal,singleEpithCellSize=Normal,normalNucleoli=Normal,mitoses=Normal} => {class=Benigno}",0.41701244813278,0.995049504950495,0.419087136929461,1.99009900990099,201
"223","{marginalAdhesion=Normal,bareNuclei=Normal,blandChromatin=Normal,normalNucleoli=Normal} => {class=Benigno}",0.41701244813278,0.995049504950495,0.419087136929461,1.99009900990099,201
"344","{uniformityCellSize=Normal,uniformityCellShape=Normal,marginalAdhesion=Normal,blandChromatin=Normal,normalNucleoli=Normal} => {class=Benigno}",0.41701244813278,0.995049504950495,0.419087136929461,1.99009900990099,201
"347","{clumpThickness=Normal,uniformityCellSize=Normal,uniformityCellShape=Normal,marginalAdhesion=Normal,normalNucleoli=Normal} => {class=Benigno}",0.41701244813278,0.995049504950495,0.419087136929461,1.99009900990099,201
"53","{singleEpithCellSize=Normal,bareNuclei=Normal,blandChromatin=Normal} => {class=Benigno}",0.4149377593361,0.995024875621891,0.41701244813278,1.99004975124378,200
"177","{clumpThickness=Normal,uniformityCellSize=Normal,singleEpithCellSize=Normal,normalNucleoli=Normal} => {class=Benigno}",0.4149377593361,0.995024875621891,0.41701244813278,1.99004975124378,200
"204","{clumpThickness=Normal,uniformityCellShape=Normal,marginalAdhesion=Normal,blandChromatin=Normal} => {class=Benigno}",0.4149377593361,0.995024875621891,0.41701244813278,1.99004975124378,200
"221","{clumpThickness=Normal,uniformityCellSize=Normal,marginalAdhesion=Normal,bareNuclei=Normal} => {class=Benigno}",0.4149377593361,0.995024875621891,0.41701244813278,1.99004975124378,200
"247","{clumpThickness=Normal,marginalAdhesion=Normal,blandChromatin=Normal,mitoses=Normal} => {class=Benigno}",0.4149377593361,0.995024875621891,0.41701244813278,1.99004975124378,200
"224","{clumpThickness=Normal,marginalAdhesion=Normal,bareNuclei=Normal,blandChromatin=Normal} => {class=Benigno}",0.412863070539419,0.995,0.4149377593361,1.99,199
"345","{clumpThickness=Normal,uniformityCellSize=Normal,uniformityCellShape=Normal,marginalAdhesion=Normal,blandChromatin=Normal} => {class=Benigno}",0.412863070539419,0.995,0.4149377593361,1.99,199
"180","{clumpThickness=Normal,singleEpithCellSize=Normal,blandChromatin=Normal,normalNucleoli=Normal} => {class=Benigno}",0.410788381742739,0.994974874371859,0.412863070539419,1.98994974874372,198
"186","{uniformityCellShape=Normal,marginalAdhesion=Normal,bareNuclei=Normal,normalNucleoli=Normal} => {class=Benigno}",0.410788381742739,0.994974874371859,0.412863070539419,1.98994974874372,198
"325","{uniformityCellSize=Normal,uniformityCellShape=Normal,marginalAdhesion=Normal,bareNuclei=Normal,normalNucleoli=Normal} => {class=Benigno}",0.410788381742739,0.994974874371859,0.412863070539419,1.98994974874372,198
"360","{clumpThickness=Normal,uniformityCellSize=Normal,marginalAdhesion=Normal,bareNuclei=Normal,blandChromatin=Normal} => {class=Benigno}",0.410788381742739,0.994974874371859,0.412863070539419,1.98994974874372,198
"44","{uniformityCellShape=Normal,singleEpithCellSize=Normal,bareNuclei=Normal} => {class=Benigno}",0.408713692946058,0.994949494949495,0.410788381742739,1.98989898989899,197
"55","{clumpThickness=Normal,singleEpithCellSize=Normal,bareNuclei=Normal} => {class=Benigno}",0.408713692946058,0.994949494949495,0.410788381742739,1.98989898989899,197
"129","{uniformityCellSize=Normal,uniformityCellShape=Normal,singleEpithCellSize=Normal,bareNuclei=Normal} => {class=Benigno}",0.408713692946058,0.994949494949495,0.410788381742739,1.98989898989899,197
"157","{uniformityCellSize=Normal,singleEpithCellSize=Normal,bareNuclei=Normal,mitoses=Normal} => {class=Benigno}",0.408713692946058,0.994949494949495,0.410788381742739,1.98989898989899,197
"158","{singleEpithCellSize=Normal,bareNuclei=Normal,blandChromatin=Normal,normalNucleoli=Normal} => {class=Benigno}",0.408713692946058,0.994949494949495,0.410788381742739,1.98989898989899,197
"181","{singleEpithCellSize=Normal,blandChromatin=Normal,normalNucleoli=Normal,mitoses=Normal} => {class=Benigno}",0.408713692946058,0.994949494949495,0.410788381742739,1.98989898989899,197
"185","{uniformityCellShape=Normal,marginalAdhesion=Normal,bareNuclei=Normal,blandChromatin=Normal} => {class=Benigno}",0.408713692946058,0.994949494949495,0.410788381742739,1.98989898989899,197
"205","{uniformityCellShape=Normal,marginalAdhesion=Normal,blandChromatin=Normal,mitoses=Normal} => {class=Benigno}",0.408713692946058,0.994949494949495,0.410788381742739,1.98989898989899,197
"208","{clumpThickness=Normal,uniformityCellShape=Normal,marginalAdhesion=Normal,mitoses=Normal} => {class=Benigno}",0.408713692946058,0.994949494949495,0.410788381742739,1.98989898989899,197
"324","{uniformityCellSize=Normal,uniformityCellShape=Normal,marginalAdhesion=Normal,bareNuclei=Normal,blandChromatin=Normal} => {class=Benigno}",0.408713692946058,0.994949494949495,0.410788381742739,1.98989898989899,197
"349","{clumpThickness=Normal,uniformityCellSize=Normal,uniformityCellShape=Normal,marginalAdhesion=Normal,mitoses=Normal} => {class=Benigno}",0.408713692946058,0.994949494949495,0.410788381742739,1.98989898989899,197
"363","{uniformityCellSize=Normal,marginalAdhesion=Normal,bareNuclei=Normal,normalNucleoli=Normal,mitoses=Normal} => {class=Benigno}",0.408713692946058,0.994949494949495,0.410788381742739,1.98989898989899,197
"146","{clumpThickness=Normal,uniformityCellShape=Normal,singleEpithCellSize=Normal,normalNucleoli=Normal} => {class=Benigno}",0.406639004149378,0.99492385786802,0.408713692946058,1.98984771573604,196
"147","{uniformityCellShape=Normal,singleEpithCellSize=Normal,normalNucleoli=Normal,mitoses=Normal} => {class=Benigno}",0.406639004149378,0.99492385786802,0.408713692946058,1.98984771573604,196
"156","{clumpThickness=Normal,uniformityCellSize=Normal,singleEpithCellSize=Normal,bareNuclei=Normal} => {class=Benigno}",0.406639004149378,0.99492385786802,0.408713692946058,1.98984771573604,196
"283","{uniformityCellSize=Normal,uniformityCellShape=Normal,singleEpithCellSize=Normal,normalNucleoli=Normal,mitoses=Normal} => {class=Benigno}",0.406639004149378,0.99492385786802,0.408713692946058,1.98984771573604,196
"319","{clumpThickness=Normal,uniformityCellSize=Normal,singleEpithCellSize=Normal,blandChromatin=Normal,normalNucleoli=Normal} => {class=Benigno}",0.406639004149378,0.99492385786802,0.408713692946058,1.98984771573604,196
"320","{uniformityCellSize=Normal,singleEpithCellSize=Normal,blandChromatin=Normal,normalNucleoli=Normal,mitoses=Normal} => {class=Benigno}",0.406639004149378,0.99492385786802,0.408713692946058,1.98984771573604,196
"361","{uniformityCellSize=Normal,marginalAdhesion=Normal,bareNuclei=Normal,blandChromatin=Normal,mitoses=Normal} => {class=Benigno}",0.406639004149378,0.99492385786802,0.408713692946058,1.98984771573604,196
"162","{singleEpithCellSize=Normal,bareNuclei=Normal,normalNucleoli=Normal,mitoses=Normal} => {class=Benigno}",0.404564315352697,0.994897959183674,0.406639004149378,1.98979591836735,195
"187","{clumpThickness=Normal,uniformityCellShape=Normal,marginalAdhesion=Normal,bareNuclei=Normal} => {class=Benigno}",0.404564315352697,0.994897959183674,0.406639004149378,1.98979591836735,195
"282","{clumpThickness=Normal,uniformityCellSize=Normal,uniformityCellShape=Normal,singleEpithCellSize=Normal,normalNucleoli=Normal} => {class=Benigno}",0.404564315352697,0.994897959183674,0.406639004149378,1.98979591836735,195
"322","{clumpThickness=Normal,uniformityCellSize=Normal,singleEpithCellSize=Normal,normalNucleoli=Normal,mitoses=Normal} => {class=Benigno}",0.404564315352697,0.994897959183674,0.406639004149378,1.98979591836735,195
"326","{clumpThickness=Normal,uniformityCellSize=Normal,uniformityCellShape=Normal,marginalAdhesion=Normal,bareNuclei=Normal} => {class=Benigno}",0.404564315352697,0.994897959183674,0.406639004149378,1.98979591836735,195
"353","{clumpThickness=Normal,uniformityCellShape=Normal,marginalAdhesion=Normal,normalNucleoli=Normal,mitoses=Normal} => {class=Benigno}",0.404564315352697,0.994897959183674,0.406639004149378,1.98979591836735,195
"188","{uniformityCellShape=Normal,marginalAdhesion=Normal,bareNuclei=Normal,mitoses=Normal} => {class=Benigno}",0.402489626556017,0.994871794871795,0.404564315352697,1.98974358974359,194
"327","{uniformityCellSize=Normal,uniformityCellShape=Normal,marginalAdhesion=Normal,bareNuclei=Normal,mitoses=Normal} => {class=Benigno}",0.402489626556017,0.994871794871795,0.404564315352697,1.98974358974359,194
"329","{clumpThickness=Normal,uniformityCellShape=Normal,marginalAdhesion=Normal,bareNuclei=Normal,blandChromatin=Normal} => {class=Benigno}",0.400414937759336,0.994845360824742,0.402489626556017,1.98969072164948,193
"133","{uniformityCellShape=Normal,singleEpithCellSize=Normal,bareNuclei=Normal,mitoses=Normal} => {class=Benigno}",0.398340248962656,0.994818652849741,0.400414937759336,1.98963730569948,192
"163","{clumpThickness=Normal,singleEpithCellSize=Normal,bareNuclei=Normal,mitoses=Normal} => {class=Benigno}",0.398340248962656,0.994818652849741,0.400414937759336,1.98963730569948,192
"165","{uniformityCellSize=Normal,marginalAdhesion=Normal,singleEpithCellSize=Normal,normalNucleoli=Normal} => {class=Benigno}",0.398340248962656,0.994818652849741,0.400414937759336,1.98963730569948,192
"262","{uniformityCellSize=Normal,uniformityCellShape=Normal,singleEpithCellSize=Normal,bareNuclei=Normal,mitoses=Normal} => {class=Benigno}",0.398340248962656,0.994818652849741,0.400414937759336,1.98963730569948,192
"285","{clumpThickness=Normal,uniformityCellShape=Normal,singleEpithCellSize=Normal,blandChromatin=Normal,normalNucleoli=Normal} => {class=Benigno}",0.398340248962656,0.994818652849741,0.400414937759336,1.98963730569948,192
"323","{clumpThickness=Normal,singleEpithCellSize=Normal,blandChromatin=Normal,normalNucleoli=Normal,mitoses=Normal} => {class=Benigno}",0.398340248962656,0.994818652849741,0.400414937759336,1.98963730569948,192
"332","{uniformityCellShape=Normal,marginalAdhesion=Normal,bareNuclei=Normal,normalNucleoli=Normal,mitoses=Normal} => {class=Benigno}",0.398340248962656,0.994818652849741,0.400414937759336,1.98963730569948,192
"132","{clumpThickness=Normal,uniformityCellShape=Normal,singleEpithCellSize=Normal,bareNuclei=Normal} => {class=Benigno}",0.396265560165975,0.994791666666667,0.398340248962656,1.98958333333333,191
"261","{clumpThickness=Normal,uniformityCellSize=Normal,uniformityCellShape=Normal,singleEpithCellSize=Normal,bareNuclei=Normal} => {class=Benigno}",0.396265560165975,0.994791666666667,0.398340248962656,1.98958333333333,191
"286","{uniformityCellShape=Normal,singleEpithCellSize=Normal,blandChromatin=Normal,normalNucleoli=Normal,mitoses=Normal} => {class=Benigno}",0.396265560165975,0.994791666666667,0.398340248962656,1.98958333333333,191
"304","{clumpThickness=Normal,uniformityCellSize=Normal,singleEpithCellSize=Normal,bareNuclei=Normal,mitoses=Normal} => {class=Benigno}",0.396265560165975,0.994791666666667,0.398340248962656,1.98958333333333,191
"288","{clumpThickness=Normal,uniformityCellShape=Normal,singleEpithCellSize=Normal,normalNucleoli=Normal,mitoses=Normal} => {class=Benigno}",0.394190871369295,0.994764397905759,0.396265560165975,1.98952879581152,190
"136","{uniformityCellShape=Normal,marginalAdhesion=Normal,singleEpithCellSize=Normal,normalNucleoli=Normal} => {class=Benigno}",0.392116182572614,0.994736842105263,0.394190871369295,1.98947368421053,189
"164","{uniformityCellSize=Normal,marginalAdhesion=Normal,singleEpithCellSize=Normal,blandChromatin=Normal} => {class=Benigno}",0.392116182572614,0.994736842105263,0.394190871369295,1.98947368421053,189
"270","{uniformityCellSize=Normal,uniformityCellShape=Normal,marginalAdhesion=Normal,singleEpithCellSize=Normal,normalNucleoli=Normal} => {class=Benigno}",0.390041493775934,0.994708994708995,0.392116182572614,1.98941798941799,188
"309","{uniformityCellSize=Normal,marginalAdhesion=Normal,singleEpithCellSize=Normal,blandChromatin=Normal,normalNucleoli=Normal} => {class=Benigno}",0.387966804979253,0.99468085106383,0.390041493775934,1.98936170212766,187
"135","{uniformityCellShape=Normal,marginalAdhesion=Normal,singleEpithCellSize=Normal,blandChromatin=Normal} => {class=Benigno}",0.385892116182573,0.994652406417112,0.387966804979253,1.98930481283422,186
"268","{clumpThickness=Normal,uniformityCellShape=Normal,singleEpithCellSize=Normal,bareNuclei=Normal,mitoses=Normal} => {class=Benigno}",0.385892116182573,0.994652406417112,0.387966804979253,1.98930481283422,186
"150","{marginalAdhesion=Normal,singleEpithCellSize=Normal,bareNuclei=Normal,blandChromatin=Normal} => {class=Benigno}",0.383817427385892,0.994623655913978,0.385892116182573,1.98924731182796,185
"170","{marginalAdhesion=Normal,singleEpithCellSize=Normal,blandChromatin=Normal,mitoses=Normal} => {class=Benigno}",0.383817427385892,0.994623655913978,0.385892116182573,1.98924731182796,185
"269","{uniformityCellSize=Normal,uniformityCellShape=Normal,marginalAdhesion=Normal,singleEpithCellSize=Normal,blandChromatin=Normal} => {class=Benigno}",0.383817427385892,0.994623655913978,0.385892116182573,1.98924731182796,185
"273","{uniformityCellShape=Normal,marginalAdhesion=Normal,singleEpithCellSize=Normal,blandChromatin=Normal,normalNucleoli=Normal} => {class=Benigno}",0.381742738589212,0.994594594594595,0.383817427385892,1.98918918918919,184
"153","{marginalAdhesion=Normal,singleEpithCellSize=Normal,bareNuclei=Normal,mitoses=Normal} => {class=Benigno}",0.379668049792531,0.994565217391304,0.381742738589212,1.98913043478261,183
"293","{marginalAdhesion=Normal,singleEpithCellSize=Normal,bareNuclei=Normal,blandChromatin=Normal,normalNucleoli=Normal} => {class=Benigno}",0.379668049792531,0.994565217391304,0.381742738589212,1.98913043478261,183
"297","{marginalAdhesion=Normal,singleEpithCellSize=Normal,bareNuclei=Normal,normalNucleoli=Normal,mitoses=Normal} => {class=Benigno}",0.37551867219917,0.994505494505495,0.377593360995851,1.98901098901099,181
"99","{uniformityCellSize=Normal,bareNuclei=Normal,normalNucleoli=Normal} => {class=Benigno}",0.45643153526971,0.990990990990991,0.460580912863071,1.98198198198198,220
"249","{clumpThickness=Normal,uniformityCellSize=Normal,blandChromatin=Normal,normalNucleoli=Normal} => {class=Benigno}",0.450207468879668,0.990867579908676,0.454356846473029,1.98173515981735,217
"250","{uniformityCellSize=Normal,blandChromatin=Normal,normalNucleoli=Normal,mitoses=Normal} => {class=Benigno}",0.450207468879668,0.990867579908676,0.454356846473029,1.98173515981735,217
"105","{clumpThickness=Normal,bareNuclei=Normal,normalNucleoli=Normal} => {class=Benigno}",0.443983402489627,0.990740740740741,0.448132780082988,1.98148148148148,214
"77","{uniformityCellShape=Normal,bareNuclei=Normal,mitoses=Normal} => {class=Benigno}",0.441908713692946,0.990697674418605,0.446058091286307,1.98139534883721,213
"192","{uniformityCellSize=Normal,uniformityCellShape=Normal,bareNuclei=Normal,mitoses=Normal} => {class=Benigno}",0.441908713692946,0.990697674418605,0.446058091286307,1.98139534883721,213
"76","{clumpThickness=Normal,uniformityCellShape=Normal,bareNuclei=Normal} => {class=Benigno}",0.439834024896266,0.990654205607477,0.443983402489627,1.98130841121495,212
"191","{clumpThickness=Normal,uniformityCellSize=Normal,uniformityCellShape=Normal,bareNuclei=Normal} => {class=Benigno}",0.439834024896266,0.990654205607477,0.443983402489627,1.98130841121495,212
"215","{clumpThickness=Normal,uniformityCellShape=Normal,blandChromatin=Normal,normalNucleoli=Normal} => {class=Benigno}",0.439834024896266,0.990654205607477,0.443983402489627,1.98130841121495,212
"234","{clumpThickness=Normal,uniformityCellSize=Normal,bareNuclei=Normal,mitoses=Normal} => {class=Benigno}",0.439834024896266,0.990654205607477,0.443983402489627,1.98130841121495,212
"216","{uniformityCellShape=Normal,blandChromatin=Normal,normalNucleoli=Normal,mitoses=Normal} => {class=Benigno}",0.437759336099585,0.990610328638498,0.441908713692946,1.981220657277,211
"354","{clumpThickness=Normal,uniformityCellSize=Normal,uniformityCellShape=Normal,blandChromatin=Normal,normalNucleoli=Normal} => {class=Benigno}",0.437759336099585,0.990610328638498,0.441908713692946,1.981220657277,211
"355","{uniformityCellSize=Normal,uniformityCellShape=Normal,blandChromatin=Normal,normalNucleoli=Normal,mitoses=Normal} => {class=Benigno}",0.437759336099585,0.990610328638498,0.441908713692946,1.981220657277,211
"379","{clumpThickness=Normal,uniformityCellSize=Normal,blandChromatin=Normal,normalNucleoli=Normal,mitoses=Normal} => {class=Benigno}",0.437759336099585,0.990610328638498,0.441908713692946,1.981220657277,211
"238","{clumpThickness=Normal,bareNuclei=Normal,normalNucleoli=Normal,mitoses=Normal} => {class=Benigno}",0.431535269709544,0.990476190476191,0.435684647302905,1.98095238095238,208
"113","{clumpThickness=Normal,marginalAdhesion=Normal,blandChromatin=Normal} => {class=Benigno}",0.429460580912863,0.990430622009569,0.433609958506224,1.98086124401914,207
"63","{uniformityCellSize=Normal,singleEpithCellSize=Normal,normalNucleoli=Normal} => {class=Benigno}",0.427385892116183,0.990384615384615,0.431535269709544,1.98076923076923,206
"358","{clumpThickness=Normal,uniformityCellShape=Normal,blandChromatin=Normal,normalNucleoli=Normal,mitoses=Normal} => {class=Benigno}",0.425311203319502,0.990338164251208,0.429460580912863,1.98067632850242,205
"81","{clumpThickness=Normal,uniformityCellShape=Normal,marginalAdhesion=Normal} => {class=Benigno}",0.423236514522822,0.990291262135922,0.427385892116183,1.98058252427184,204
"199","{uniformityCellSize=Normal,uniformityCellShape=Normal,marginalAdhesion=Normal,blandChromatin=Normal} => {class=Benigno}",0.421161825726141,0.990243902439024,0.425311203319502,1.98048780487805,203
"201","{clumpThickness=Normal,uniformityCellSize=Normal,uniformityCellShape=Normal,marginalAdhesion=Normal} => {class=Benigno}",0.421161825726141,0.990243902439024,0.425311203319502,1.98048780487805,203
"48","{uniformityCellShape=Normal,singleEpithCellSize=Normal,normalNucleoli=Normal} => {class=Benigno}",0.419087136929461,0.990196078431373,0.423236514522822,1.98039215686275,202
"69","{clumpThickness=Normal,singleEpithCellSize=Normal,normalNucleoli=Normal} => {class=Benigno}",0.419087136929461,0.990196078431373,0.423236514522822,1.98039215686275,202
"219","{uniformityCellSize=Normal,marginalAdhesion=Normal,bareNuclei=Normal,blandChromatin=Normal} => {class=Benigno}",0.419087136929461,0.990196078431373,0.423236514522822,1.98039215686275,202
"241","{uniformityCellSize=Normal,marginalAdhesion=Normal,blandChromatin=Normal,mitoses=Normal} => {class=Benigno}",0.419087136929461,0.990196078431373,0.423236514522822,1.98039215686275,202
"96","{clumpThickness=Normal,marginalAdhesion=Normal,bareNuclei=Normal} => {class=Benigno}",0.41701244813278,0.990147783251232,0.421161825726141,1.98029556650246,201
"140","{uniformityCellSize=Normal,uniformityCellShape=Normal,singleEpithCellSize=Normal,normalNucleoli=Normal} => {class=Benigno}",0.41701244813278,0.990147783251232,0.421161825726141,1.98029556650246,201
"174","{uniformityCellSize=Normal,singleEpithCellSize=Normal,blandChromatin=Normal,normalNucleoli=Normal} => {class=Benigno}",0.41701244813278,0.990147783251232,0.421161825726141,1.98029556650246,201
"54","{singleEpithCellSize=Normal,bareNuclei=Normal,normalNucleoli=Normal} => {class=Benigno}",0.4149377593361,0.99009900990099,0.419087136929461,1.98019801980198,200
"184","{uniformityCellSize=Normal,uniformityCellShape=Normal,marginalAdhesion=Normal,bareNuclei=Normal} => {class=Benigno}",0.4149377593361,0.99009900990099,0.419087136929461,1.98019801980198,200
"222","{uniformityCellSize=Normal,marginalAdhesion=Normal,bareNuclei=Normal,mitoses=Normal} => {class=Benigno}",0.412863070539419,0.990049751243781,0.41701244813278,1.98009950248756,199
"56","{singleEpithCellSize=Normal,bareNuclei=Normal,mitoses=Normal} => {class=Benigno}",0.410788381742739,0.99,0.4149377593361,1.98,198
"227","{marginalAdhesion=Normal,bareNuclei=Normal,normalNucleoli=Normal,mitoses=Normal} => {class=Benigno}",0.410788381742739,0.99,0.4149377593361,1.98,198
"143","{uniformityCellShape=Normal,singleEpithCellSize=Normal,blandChromatin=Normal,normalNucleoli=Normal} => {class=Benigno}",0.408713692946058,0.989949748743719,0.412863070539419,1.97989949748744,197
"225","{marginalAdhesion=Normal,bareNuclei=Normal,blandChromatin=Normal,mitoses=Normal} => {class=Benigno}",0.408713692946058,0.989949748743719,0.412863070539419,1.97989949748744,197
"183","{clumpThickness=Normal,singleEpithCellSize=Normal,normalNucleoli=Normal,mitoses=Normal} => {class=Benigno}",0.406639004149378,0.98989898989899,0.410788381742739,1.97979797979798,196
"279","{uniformityCellSize=Normal,uniformityCellShape=Normal,singleEpithCellSize=Normal,blandChromatin=Normal,normalNucleoli=Normal} => {class=Benigno}",0.406639004149378,0.98989898989899,0.410788381742739,1.97979797979798,196
"167","{uniformityCellSize=Normal,marginalAdhesion=Normal,singleEpithCellSize=Normal,mitoses=Normal} => {class=Benigno}",0.392116182572614,0.989528795811518,0.396265560165975,1.97905759162304,189
"168","{marginalAdhesion=Normal,singleEpithCellSize=Normal,blandChromatin=Normal,normalNucleoli=Normal} => {class=Benigno}",0.392116182572614,0.989528795811518,0.396265560165975,1.97905759162304,189
"51","{marginalAdhesion=Normal,singleEpithCellSize=Normal,bareNuclei=Normal} => {class=Benigno}",0.390041493775934,0.989473684210526,0.394190871369295,1.97894736842105,188
"172","{marginalAdhesion=Normal,singleEpithCellSize=Normal,normalNucleoli=Normal,mitoses=Normal} => {class=Benigno}",0.390041493775934,0.989473684210526,0.394190871369295,1.97894736842105,188
"151","{marginalAdhesion=Normal,singleEpithCellSize=Normal,bareNuclei=Normal,normalNucleoli=Normal} => {class=Benigno}",0.385892116182573,0.98936170212766,0.390041493775934,1.97872340425532,186
"138","{uniformityCellShape=Normal,marginalAdhesion=Normal,singleEpithCellSize=Normal,mitoses=Normal} => {class=Benigno}",0.383817427385892,0.989304812834225,0.387966804979253,1.97860962566845,185
"272","{uniformityCellSize=Normal,uniformityCellShape=Normal,marginalAdhesion=Normal,singleEpithCellSize=Normal,mitoses=Normal} => {class=Benigno}",0.383817427385892,0.989304812834225,0.387966804979253,1.97860962566845,185
"98","{uniformityCellSize=Normal,bareNuclei=Normal,blandChromatin=Normal} => {class=Benigno}",0.45850622406639,0.986607142857143,0.464730290456431,1.97321428571429,221
"73","{uniformityCellSize=Normal,uniformityCellShape=Normal,bareNuclei=Normal} => {class=Benigno}",0.454356846473029,0.986486486486487,0.460580912863071,1.97297297297297,219
"87","{uniformityCellShape=Normal,blandChromatin=Normal,normalNucleoli=Normal} => {class=Benigno}",0.452282157676349,0.986425339366516,0.45850622406639,1.97285067873303,218
"100","{clumpThickness=Normal,uniformityCellSize=Normal,bareNuclei=Normal} => {class=Benigno}",0.452282157676349,0.986425339366516,0.45850622406639,1.97285067873303,218
"209","{uniformityCellSize=Normal,uniformityCellShape=Normal,blandChromatin=Normal,normalNucleoli=Normal} => {class=Benigno}",0.450207468879668,0.986363636363636,0.45643153526971,1.97272727272727,217
"237","{clumpThickness=Normal,bareNuclei=Normal,blandChromatin=Normal,mitoses=Normal} => {class=Benigno}",0.435684647302905,0.985915492957746,0.441908713692946,1.97183098591549,210
"218","{clumpThickness=Normal,uniformityCellShape=Normal,normalNucleoli=Normal,mitoses=Normal} => {class=Benigno}",0.433609958506224,0.985849056603774,0.439834024896266,1.97169811320755,209
"357","{clumpThickness=Normal,uniformityCellSize=Normal,uniformityCellShape=Normal,normalNucleoli=Normal,mitoses=Normal} => {class=Benigno}",0.433609958506224,0.985849056603774,0.439834024896266,1.97169811320755,209
"112","{marginalAdhesion=Normal,blandChromatin=Normal,normalNucleoli=Normal} => {class=Benigno}",0.431535269709544,0.985781990521327,0.437759336099585,1.97156398104265,208
"242","{clumpThickness=Normal,uniformityCellSize=Normal,marginalAdhesion=Normal,normalNucleoli=Normal} => {class=Benigno}",0.427385892116183,0.985645933014354,0.433609958506224,1.97129186602871,206
"79","{uniformityCellShape=Normal,marginalAdhesion=Normal,blandChromatin=Normal} => {class=Benigno}",0.423236514522822,0.985507246376812,0.429460580912863,1.97101449275362,204
"95","{marginalAdhesion=Normal,bareNuclei=Normal,normalNucleoli=Normal} => {class=Benigno}",0.423236514522822,0.985507246376812,0.429460580912863,1.97101449275362,204
"9","{singleEpithCellSize=Normal,bareNuclei=Normal} => {class=Benigno}",0.421161825726141,0.985436893203884,0.427385892116183,1.97087378640777,203
"66","{singleEpithCellSize=Normal,blandChromatin=Normal,normalNucleoli=Normal} => {class=Benigno}",0.421161825726141,0.985436893203884,0.427385892116183,1.97087378640777,203
"207","{uniformityCellShape=Normal,marginalAdhesion=Normal,normalNucleoli=Normal,mitoses=Normal} => {class=Benigno}",0.4149377593361,0.985221674876847,0.421161825726141,1.97044334975369,200
"348","{uniformityCellSize=Normal,uniformityCellShape=Normal,marginalAdhesion=Normal,normalNucleoli=Normal,mitoses=Normal} => {class=Benigno}",0.4149377593361,0.985221674876847,0.421161825726141,1.97044334975369,200
"377","{clumpThickness=Normal,uniformityCellSize=Normal,marginalAdhesion=Normal,normalNucleoli=Normal,mitoses=Normal} => {class=Benigno}",0.4149377593361,0.985221674876847,0.421161825726141,1.97044334975369,200
"144","{clumpThickness=Normal,uniformityCellShape=Normal,singleEpithCellSize=Normal,blandChromatin=Normal} => {class=Benigno}",0.404564315352697,0.984848484848485,0.410788381742739,1.96969696969697,195
"57","{uniformityCellSize=Normal,marginalAdhesion=Normal,singleEpithCellSize=Normal} => {class=Benigno}",0.402489626556017,0.984771573604061,0.408713692946058,1.96954314720812,194
"145","{uniformityCellShape=Normal,singleEpithCellSize=Normal,blandChromatin=Normal,mitoses=Normal} => {class=Benigno}",0.402489626556017,0.984771573604061,0.408713692946058,1.96954314720812,194
"280","{clumpThickness=Normal,uniformityCellSize=Normal,uniformityCellShape=Normal,singleEpithCellSize=Normal,blandChromatin=Normal} => {class=Benigno}",0.402489626556017,0.984771573604061,0.408713692946058,1.96954314720812,194
"281","{uniformityCellSize=Normal,uniformityCellShape=Normal,singleEpithCellSize=Normal,blandChromatin=Normal,mitoses=Normal} => {class=Benigno}",0.402489626556017,0.984771573604061,0.408713692946058,1.96954314720812,194
"45","{uniformityCellShape=Normal,marginalAdhesion=Normal,singleEpithCellSize=Normal} => {class=Benigno}",0.396265560165975,0.984536082474227,0.402489626556017,1.96907216494845,191
"58","{marginalAdhesion=Normal,singleEpithCellSize=Normal,blandChromatin=Normal} => {class=Benigno}",0.396265560165975,0.984536082474227,0.402489626556017,1.96907216494845,191
"134","{uniformityCellSize=Normal,uniformityCellShape=Normal,marginalAdhesion=Normal,singleEpithCellSize=Normal} => {class=Benigno}",0.394190871369295,0.984455958549223,0.400414937759336,1.96891191709845,190
"287","{clumpThickness=Normal,uniformityCellShape=Normal,singleEpithCellSize=Normal,blandChromatin=Normal,mitoses=Normal} => {class=Benigno}",0.392116182572614,0.984375,0.398340248962656,1.96875,189
"118","{uniformityCellSize=Normal,blandChromatin=Normal,normalNucleoli=Normal} => {class=Benigno}",0.462655601659751,0.982378854625551,0.470954356846473,1.9647577092511,223
"101","{uniformityCellSize=Normal,bareNuclei=Normal,mitoses=Normal} => {class=Benigno}",0.454356846473029,0.982062780269058,0.462655601659751,1.96412556053812,219
"124","{clumpThickness=Normal,blandChromatin=Normal,normalNucleoli=Normal} => {class=Benigno}",0.454356846473029,0.982062780269058,0.462655601659751,1.96412556053812,219
"102","{bareNuclei=Normal,blandChromatin=Normal,normalNucleoli=Normal} => {class=Benigno}",0.452282157676349,0.981981981981982,0.460580912863071,1.96396396396396,218
"103","{clumpThickness=Normal,bareNuclei=Normal,blandChromatin=Normal} => {class=Benigno}",0.448132780082988,0.981818181818182,0.45643153526971,1.96363636363636,216
"211","{uniformityCellSize=Normal,uniformityCellShape=Normal,blandChromatin=Normal,mitoses=Normal} => {class=Benigno}",0.446058091286307,0.981735159817352,0.454356846473029,1.9634703196347,215
"212","{clumpThickness=Normal,uniformityCellSize=Normal,uniformityCellShape=Normal,normalNucleoli=Normal} => {class=Benigno}",0.446058091286307,0.981735159817352,0.454356846473029,1.9634703196347,215
"253","{clumpThickness=Normal,blandChromatin=Normal,normalNucleoli=Normal,mitoses=Normal} => {class=Benigno}",0.439834024896266,0.981481481481482,0.448132780082988,1.96296296296296,212
"217","{clumpThickness=Normal,uniformityCellShape=Normal,blandChromatin=Normal,mitoses=Normal} => {class=Benigno}",0.433609958506224,0.981220657276995,0.441908713692946,1.96244131455399,209
"356","{clumpThickness=Normal,uniformityCellSize=Normal,uniformityCellShape=Normal,blandChromatin=Normal,mitoses=Normal} => {class=Benigno}",0.433609958506224,0.981220657276995,0.441908713692946,1.96244131455399,209
"115","{clumpThickness=Normal,marginalAdhesion=Normal,normalNucleoli=Normal} => {class=Benigno}",0.431535269709544,0.981132075471698,0.439834024896266,1.9622641509434,208
"80","{uniformityCellShape=Normal,marginalAdhesion=Normal,normalNucleoli=Normal} => {class=Benigno}",0.429460580912863,0.981042654028436,0.437759336099585,1.96208530805687,207
"200","{uniformityCellSize=Normal,uniformityCellShape=Normal,marginalAdhesion=Normal,normalNucleoli=Normal} => {class=Benigno}",0.427385892116183,0.980952380952381,0.435684647302905,1.96190476190476,206
"93","{uniformityCellSize=Normal,marginalAdhesion=Normal,bareNuclei=Normal} => {class=Benigno}",0.425311203319502,0.980861244019139,0.433609958506224,1.96172248803828,205
"94","{marginalAdhesion=Normal,bareNuclei=Normal,blandChromatin=Normal} => {class=Benigno}",0.421161825726141,0.980676328502415,0.429460580912863,1.96135265700483,203
"67","{clumpThickness=Normal,singleEpithCellSize=Normal,blandChromatin=Normal} => {class=Benigno}",0.41701244813278,0.980487804878049,0.425311203319502,1.9609756097561,201
"248","{clumpThickness=Normal,marginalAdhesion=Normal,normalNucleoli=Normal,mitoses=Normal} => {class=Benigno}",0.41701244813278,0.980487804878049,0.425311203319502,1.9609756097561,201
"47","{uniformityCellShape=Normal,singleEpithCellSize=Normal,blandChromatin=Normal} => {class=Benigno}",0.4149377593361,0.980392156862745,0.423236514522822,1.96078431372549,200
"72","{uniformityCellShape=Normal,marginalAdhesion=Normal,bareNuclei=Normal} => {class=Benigno}",0.4149377593361,0.980392156862745,0.423236514522822,1.96078431372549,200
"49","{clumpThickness=Normal,uniformityCellShape=Normal,singleEpithCellSize=Normal} => {class=Benigno}",0.412863070539419,0.980295566502463,0.421161825726141,1.96059113300493,199
"139","{uniformityCellSize=Normal,uniformityCellShape=Normal,singleEpithCellSize=Normal,blandChromatin=Normal} => {class=Benigno}",0.412863070539419,0.980295566502463,0.421161825726141,1.96059113300493,199
"175","{clumpThickness=Normal,uniformityCellSize=Normal,singleEpithCellSize=Normal,blandChromatin=Normal} => {class=Benigno}",0.412863070539419,0.980295566502463,0.421161825726141,1.96059113300493,199
"176","{uniformityCellSize=Normal,singleEpithCellSize=Normal,blandChromatin=Normal,mitoses=Normal} => {class=Benigno}",0.412863070539419,0.980295566502463,0.421161825726141,1.96059113300493,199
"141","{clumpThickness=Normal,uniformityCellSize=Normal,uniformityCellShape=Normal,singleEpithCellSize=Normal} => {class=Benigno}",0.410788381742739,0.98019801980198,0.419087136929461,1.96039603960396,198
"182","{clumpThickness=Normal,singleEpithCellSize=Normal,blandChromatin=Normal,mitoses=Normal} => {class=Benigno}",0.404564315352697,0.979899497487437,0.412863070539419,1.95979899497487,195
"59","{marginalAdhesion=Normal,singleEpithCellSize=Normal,normalNucleoli=Normal} => {class=Benigno}",0.402489626556017,0.97979797979798,0.410788381742739,1.95959595959596,194
"321","{clumpThickness=Normal,uniformityCellSize=Normal,singleEpithCellSize=Normal,blandChromatin=Normal,mitoses=Normal} => {class=Benigno}",0.402489626556017,0.97979797979798,0.410788381742739,1.95959595959596,194
"148","{clumpThickness=Normal,uniformityCellShape=Normal,singleEpithCellSize=Normal,mitoses=Normal} => {class=Benigno}",0.400414937759336,0.979695431472081,0.408713692946058,1.95939086294416,193
"284","{clumpThickness=Normal,uniformityCellSize=Normal,uniformityCellShape=Normal,singleEpithCellSize=Normal,mitoses=Normal} => {class=Benigno}",0.400414937759336,0.979695431472081,0.408713692946058,1.95939086294416,193
"125","{blandChromatin=Normal,normalNucleoli=Normal,mitoses=Normal} => {class=Benigno}",0.452282157676349,0.977578475336323,0.462655601659751,1.95515695067265,218
"88","{clumpThickness=Normal,uniformityCellShape=Normal,blandChromatin=Normal} => {class=Benigno}",0.448132780082988,0.97737556561086,0.45850622406639,1.95475113122172,216
"90","{clumpThickness=Normal,uniformityCellShape=Normal,normalNucleoli=Normal} => {class=Benigno}",0.448132780082988,0.97737556561086,0.45850622406639,1.95475113122172,216
"213","{uniformityCellSize=Normal,uniformityCellShape=Normal,normalNucleoli=Normal,mitoses=Normal} => {class=Benigno}",0.448132780082988,0.97737556561086,0.45850622406639,1.95475113122172,216
"89","{uniformityCellShape=Normal,blandChromatin=Normal,mitoses=Normal} => {class=Benigno}",0.446058091286307,0.977272727272727,0.45643153526971,1.95454545454545,215
"106","{bareNuclei=Normal,normalNucleoli=Normal,mitoses=Normal} => {class=Benigno}",0.446058091286307,0.977272727272727,0.45643153526971,1.95454545454545,215
"210","{clumpThickness=Normal,uniformityCellSize=Normal,uniformityCellShape=Normal,blandChromatin=Normal} => {class=Benigno}",0.446058091286307,0.977272727272727,0.45643153526971,1.95454545454545,215
"251","{clumpThickness=Normal,uniformityCellSize=Normal,blandChromatin=Normal,mitoses=Normal} => {class=Benigno}",0.446058091286307,0.977272727272727,0.45643153526971,1.95454545454545,215
"252","{clumpThickness=Normal,uniformityCellSize=Normal,normalNucleoli=Normal,mitoses=Normal} => {class=Benigno}",0.446058091286307,0.977272727272727,0.45643153526971,1.95454545454545,215
"108","{uniformityCellSize=Normal,marginalAdhesion=Normal,blandChromatin=Normal} => {class=Benigno}",0.431535269709544,0.976525821596244,0.441908713692946,1.95305164319249,208
"243","{uniformityCellSize=Normal,marginalAdhesion=Normal,normalNucleoli=Normal,mitoses=Normal} => {class=Benigno}",0.425311203319502,0.976190476190476,0.435684647302905,1.95238095238095,205
"62","{uniformityCellSize=Normal,singleEpithCellSize=Normal,blandChromatin=Normal} => {class=Benigno}",0.423236514522822,0.976076555023923,0.433609958506224,1.95215311004785,204
"64","{clumpThickness=Normal,uniformityCellSize=Normal,singleEpithCellSize=Normal} => {class=Benigno}",0.421161825726141,0.975961538461538,0.431535269709544,1.95192307692308,203
"244","{clumpThickness=Normal,uniformityCellSize=Normal,marginalAdhesion=Normal,mitoses=Normal} => {class=Benigno}",0.419087136929461,0.975845410628019,0.429460580912863,1.95169082125604,202
"97","{marginalAdhesion=Normal,bareNuclei=Normal,mitoses=Normal} => {class=Benigno}",0.4149377593361,0.975609756097561,0.425311203319502,1.95121951219512,200
"179","{clumpThickness=Normal,uniformityCellSize=Normal,singleEpithCellSize=Normal,mitoses=Normal} => {class=Benigno}",0.410788381742739,0.975369458128079,0.421161825726141,1.95073891625616,198
"83","{uniformityCellSize=Normal,uniformityCellShape=Normal,blandChromatin=Normal} => {class=Benigno}",0.45850622406639,0.973568281938326,0.470954356846473,1.94713656387665,221
"119","{clumpThickness=Normal,uniformityCellSize=Normal,blandChromatin=Normal} => {class=Benigno}",0.45850622406639,0.973568281938326,0.470954356846473,1.94713656387665,221
"121","{clumpThickness=Normal,uniformityCellSize=Normal,normalNucleoli=Normal} => {class=Benigno}",0.45850622406639,0.973568281938326,0.470954356846473,1.94713656387665,221
"16","{uniformityCellShape=Normal,bareNuclei=Normal} => {class=Benigno}",0.454356846473029,0.973333333333333,0.466804979253112,1.94666666666667,219
"91","{uniformityCellShape=Normal,normalNucleoli=Normal,mitoses=Normal} => {class=Benigno}",0.448132780082988,0.972972972972973,0.460580912863071,1.94594594594595,216
"104","{bareNuclei=Normal,blandChromatin=Normal,mitoses=Normal} => {class=Benigno}",0.448132780082988,0.972972972972973,0.460580912863071,1.94594594594595,216
"109","{uniformityCellSize=Normal,marginalAdhesion=Normal,normalNucleoli=Normal} => {class=Benigno}",0.437759336099585,0.972350230414747,0.450207468879668,1.94470046082949,211
"110","{clumpThickness=Normal,uniformityCellSize=Normal,marginalAdhesion=Normal} => {class=Benigno}",0.431535269709544,0.97196261682243,0.443983402489627,1.94392523364486,208
"70","{singleEpithCellSize=Normal,normalNucleoli=Normal,mitoses=Normal} => {class=Benigno}",0.419087136929461,0.971153846153846,0.431535269709544,1.94230769230769,202
"202","{uniformityCellSize=Normal,uniformityCellShape=Normal,marginalAdhesion=Normal,mitoses=Normal} => {class=Benigno}",0.419087136929461,0.971153846153846,0.431535269709544,1.94230769230769,202
"68","{singleEpithCellSize=Normal,blandChromatin=Normal,mitoses=Normal} => {class=Benigno}",0.4149377593361,0.970873786407767,0.427385892116183,1.94174757281553,200
"50","{uniformityCellShape=Normal,singleEpithCellSize=Normal,mitoses=Normal} => {class=Benigno}",0.412863070539419,0.970731707317073,0.425311203319502,1.94146341463415,199
"142","{uniformityCellSize=Normal,uniformityCellShape=Normal,singleEpithCellSize=Normal,mitoses=Normal} => {class=Benigno}",0.412863070539419,0.970731707317073,0.425311203319502,1.94146341463415,199
"24","{uniformityCellSize=Normal,bareNuclei=Normal} => {class=Benigno}",0.466804979253112,0.969827586206897,0.481327800829876,1.93965517241379,225
"19","{uniformityCellShape=Normal,blandChromatin=Normal} => {class=Benigno}",0.460580912863071,0.96943231441048,0.475103734439834,1.93886462882096,222
"84","{uniformityCellSize=Normal,uniformityCellShape=Normal,normalNucleoli=Normal} => {class=Benigno}",0.460580912863071,0.96943231441048,0.475103734439834,1.93886462882096,222
"214","{clumpThickness=Normal,uniformityCellSize=Normal,uniformityCellShape=Normal,mitoses=Normal} => {class=Benigno}",0.443983402489627,0.968325791855204,0.45850622406639,1.93665158371041,214
"14","{clumpThickness=Normal,singleEpithCellSize=Normal} => {class=Benigno}",0.425311203319502,0.966981132075472,0.439834024896266,1.93396226415094,205
"65","{uniformityCellSize=Normal,singleEpithCellSize=Normal,mitoses=Normal} => {class=Benigno}",0.423236514522822,0.966824644549763,0.437759336099585,1.93364928909953,204
"82","{uniformityCellShape=Normal,marginalAdhesion=Normal,mitoses=Normal} => {class=Benigno}",0.419087136929461,0.966507177033493,0.433609958506224,1.93301435406699,202
"71","{clumpThickness=Normal,singleEpithCellSize=Normal,mitoses=Normal} => {class=Benigno}",0.412863070539419,0.966019417475728,0.427385892116183,1.93203883495146,199
"122","{uniformityCellSize=Normal,normalNucleoli=Normal,mitoses=Normal} => {class=Benigno}",0.460580912863071,0.965217391304348,0.477178423236514,1.9304347826087,222
"26","{bareNuclei=Normal,normalNucleoli=Normal} => {class=Benigno}",0.45850622406639,0.965065502183406,0.475103734439834,1.93013100436681,221
"120","{uniformityCellSize=Normal,blandChromatin=Normal,mitoses=Normal} => {class=Benigno}",0.45850622406639,0.965065502183406,0.475103734439834,1.93013100436681,221
"107","{clumpThickness=Normal,bareNuclei=Normal,mitoses=Normal} => {class=Benigno}",0.443983402489627,0.963963963963964,0.460580912863071,1.92792792792793,214
"13","{singleEpithCellSize=Normal,normalNucleoli=Normal} => {class=Benigno}",0.431535269709544,0.962962962962963,0.448132780082988,1.92592592592593,208
"78","{uniformityCellSize=Normal,uniformityCellShape=Normal,marginalAdhesion=Normal} => {class=Benigno}",0.431535269709544,0.962962962962963,0.448132780082988,1.92592592592593,208
"8","{uniformityCellShape=Normal,singleEpithCellSize=Normal} => {class=Benigno}",0.425311203319502,0.962441314553991,0.441908713692946,1.92488262910798,205
"46","{uniformityCellSize=Normal,uniformityCellShape=Normal,singleEpithCellSize=Normal} => {class=Benigno}",0.423236514522822,0.962264150943396,0.439834024896266,1.92452830188679,204
"117","{clumpThickness=Normal,marginalAdhesion=Normal,mitoses=Normal} => {class=Benigno}",0.423236514522822,0.962264150943396,0.439834024896266,1.92452830188679,204
"85","{clumpThickness=Normal,uniformityCellSize=Normal,uniformityCellShape=Normal} => {class=Benigno}",0.45643153526971,0.960698689956332,0.475103734439834,1.92139737991266,220
"92","{clumpThickness=Normal,uniformityCellShape=Normal,mitoses=Normal} => {class=Benigno}",0.443983402489627,0.959641255605381,0.462655601659751,1.91928251121076,214
"61","{marginalAdhesion=Normal,singleEpithCellSize=Normal,mitoses=Normal} => {class=Benigno}",0.394190871369295,0.95959595959596,0.410788381742739,1.91919191919192,190
"11","{uniformityCellSize=Normal,singleEpithCellSize=Normal} => {class=Benigno}",0.433609958506224,0.958715596330275,0.452282157676349,1.91743119266055,209
"12","{singleEpithCellSize=Normal,blandChromatin=Normal} => {class=Benigno}",0.427385892116183,0.958139534883721,0.446058091286307,1.91627906976744,206
"116","{marginalAdhesion=Normal,normalNucleoli=Normal,mitoses=Normal} => {class=Benigno}",0.427385892116183,0.958139534883721,0.446058091286307,1.91627906976744,206
"114","{marginalAdhesion=Normal,blandChromatin=Normal,mitoses=Normal} => {class=Benigno}",0.425311203319502,0.957943925233645,0.443983402489627,1.91588785046729,205
"38","{blandChromatin=Normal,normalNucleoli=Normal} => {class=Benigno}",0.466804979253112,0.957446808510638,0.487551867219917,1.91489361702128,225
"20","{uniformityCellShape=Normal,normalNucleoli=Normal} => {class=Benigno}",0.462655601659751,0.957081545064378,0.483402489626556,1.91416309012876,223
"25","{bareNuclei=Normal,blandChromatin=Normal} => {class=Benigno}",0.460580912863071,0.956896551724138,0.481327800829876,1.91379310344828,222
"126","{clumpThickness=Normal,blandChromatin=Normal,mitoses=Normal} => {class=Benigno}",0.450207468879668,0.955947136563877,0.470954356846473,1.91189427312775,217
"35","{uniformityCellSize=Normal,normalNucleoli=Normal} => {class=Benigno}",0.473029045643154,0.95397489539749,0.495850622406639,1.90794979079498,228
"10","{marginalAdhesion=Normal,singleEpithCellSize=Normal} => {class=Benigno}",0.406639004149378,0.951456310679612,0.427385892116183,1.90291262135922,196
"32","{clumpThickness=Normal,marginalAdhesion=Normal} => {class=Benigno}",0.437759336099585,0.95045045045045,0.460580912863071,1.9009009009009,211
"23","{marginalAdhesion=Normal,bareNuclei=Normal} => {class=Benigno}",0.427385892116183,0.949308755760369,0.450207468879668,1.89861751152074,206
"21","{clumpThickness=Normal,uniformityCellShape=Normal} => {class=Benigno}",0.45850622406639,0.948497854077253,0.483402489626556,1.89699570815451,221
"86","{uniformityCellSize=Normal,uniformityCellShape=Normal,mitoses=Normal} => {class=Benigno}",0.45850622406639,0.948497854077253,0.483402489626556,1.89699570815451,221
"31","{marginalAdhesion=Normal,normalNucleoli=Normal} => {class=Benigno}",0.441908713692946,0.946666666666667,0.466804979253112,1.89333333333333,213
"111","{uniformityCellSize=Normal,marginalAdhesion=Normal,mitoses=Normal} => {class=Benigno}",0.429460580912863,0.945205479452055,0.454356846473029,1.89041095890411,207
"39","{clumpThickness=Normal,blandChromatin=Normal} => {class=Benigno}",0.464730290456432,0.945147679324895,0.491701244813278,1.89029535864979,224
"27","{clumpThickness=Normal,bareNuclei=Normal} => {class=Benigno}",0.45643153526971,0.944206008583691,0.483402489626556,1.88841201716738,220
"34","{uniformityCellSize=Normal,blandChromatin=Normal} => {class=Benigno}",0.470954356846473,0.941908713692946,0.5,1.88381742738589,227
"17","{uniformityCellShape=Normal,marginalAdhesion=Normal} => {class=Benigno}",0.433609958506224,0.941441441441441,0.460580912863071,1.88288288288288,209
"123","{clumpThickness=Normal,uniformityCellSize=Normal,mitoses=Normal} => {class=Benigno}",0.45850622406639,0.940425531914894,0.487551867219917,1.88085106382979,221
"127","{clumpThickness=Normal,normalNucleoli=Normal,mitoses=Normal} => {class=Benigno}",0.448132780082988,0.939130434782609,0.477178423236515,1.87826086956522,216
"36","{clumpThickness=Normal,uniformityCellSize=Normal} => {class=Benigno}",0.470954356846473,0.934156378600823,0.504149377593361,1.86831275720165,227
"41","{clumpThickness=Normal,normalNucleoli=Normal} => {class=Benigno}",0.462655601659751,0.933054393305439,0.495850622406639,1.86610878661088,223
"22","{uniformityCellShape=Normal,mitoses=Normal} => {class=Benigno}",0.45850622406639,0.932489451476793,0.491701244813278,1.86497890295359,221
"18","{uniformityCellSize=Normal,uniformityCellShape=Normal} => {class=Benigno}",0.470954356846473,0.926530612244898,0.508298755186722,1.8530612244898,227
"29","{uniformityCellSize=Normal,marginalAdhesion=Normal} => {class=Benigno}",0.441908713692946,0.922077922077922,0.479253112033195,1.84415584415584,213
"30","{marginalAdhesion=Normal,blandChromatin=Normal} => {class=Benigno}",0.439834024896266,0.921739130434783,0.477178423236514,1.84347826086957,212
"15","{singleEpithCellSize=Normal,mitoses=Normal} => {class=Benigno}",0.425311203319502,0.915178571428571,0.464730290456432,1.83035714285714,205
"28","{bareNuclei=Normal,mitoses=Normal} => {class=Benigno}",0.45850622406639,0.913223140495868,0.50207468879668,1.82644628099174,221
"37","{uniformityCellSize=Normal,mitoses=Normal} => {class=Benigno}",0.473029045643154,0.908366533864542,0.520746887966805,1.81673306772908,228
"40","{blandChromatin=Normal,mitoses=Normal} => {class=Benigno}",0.464730290456432,0.899598393574297,0.516597510373444,1.79919678714859,224
"1","{singleEpithCellSize=Normal} => {class=Benigno}",0.437759336099585,0.897872340425532,0.487551867219917,1.79574468085106,211
"2","{uniformityCellShape=Normal} => {class=Benigno}",0.473029045643154,0.876923076923077,0.539419087136929,1.75384615384615,228
"33","{marginalAdhesion=Normal,mitoses=Normal} => {class=Benigno}",0.435684647302905,0.875,0.49792531120332,1.75,210
"42","{normalNucleoli=Normal,mitoses=Normal} => {class=Benigno}",0.464730290456432,0.864864864864865,0.537344398340249,1.72972972972973,224
"5","{uniformityCellSize=Normal} => {class=Benigno}",0.485477178423237,0.863468634686347,0.562240663900415,1.72693726937269,234
"3","{bareNuclei=Normal} => {class=Benigno}",0.470954356846473,0.856603773584906,0.549792531120332,1.71320754716981,227
"6","{blandChromatin=Normal} => {class=Benigno}",0.479253112033195,0.83695652173913,0.572614107883817,1.67391304347826,231
"7","{normalNucleoli=Normal} => {class=Benigno}",0.479253112033195,0.830935251798561,0.576763485477178,1.66187050359712,231
"43","{clumpThickness=Normal,mitoses=Normal} => {class=Benigno}",0.464730290456432,0.808664259927798,0.574688796680498,1.6173285198556,224
"4","{marginalAdhesion=Normal} => {class=Benigno}",0.450207468879668,0.803703703703704,0.560165975103734,1.60740740740741,217
